Metric,Linear Regression,Random Forest,XGBoost
R² Score,0.9108578624092413,,0.9790551437845334
RMSE,3.0163274116191796,,1.4620951971656215
MAE,2.313895765804928,,0.9016862697054461
